{"cameraMode":{"drawMode":0,"name":"Shaded","section":"Shading Mode"},"sceneLighting":true,"audioPlay":false,"sceneViewState":{"m_AlwaysRefresh":false,"showFog":true,"showSkybox":true,"showFlares":true,"showImageEffects":true,"showParticleSystems":true,"showVisualEffectGraphs":true,"m_FxEnabled":true},"in2DMode":false,"pivot":{"x":-16.579811096191408,"y":-0.20934069156646729,"z":-13.176596641540528},"rotation":{"x":-0.1837090253829956,"y":0.7498583197593689,"z":-0.23261895775794984,"w":-0.5916741490364075},"size":10.281448364257813,"orthographic":false}